{"iterations1": [2500, 5000, 7500, 10000, 12500, 15000, 17500, 20000, 22500, 25000, 27500, 30000, 32500, 35000, 37500, 40000, 42500, 45000, 47500, 50000, 52500, 55000, 57500, 60000, 62500, 65000, 67500, 70000, 72500, 75000, 77500, 80000, 82500, 85000, 87500, 90000], "results1": {"AP": [0.11861755694999492, 0.19358456521840736, 0.23264395621749576, 0.24991296022143178, 0.26427095840019127, 0.2766988378476276, 0.277518783537103, 0.29068129938761866, 0.30120877726993295, 0.3088735428273739, 0.3022809813685186, 0.31468558662219487, 0.3227353684660423, 0.3123534339505155, 0.32715886615932616, 0.32910901670512627, 0.32765656172776025, 0.33127047077790944, 0.33042379570425423, 0.33243180934972444, 0.3368395406933369, 0.33365841896395354, 0.33069265897928507, 0.3330994364568892, 0.3815535046500251, 0.38675214072051933, 0.3881298796792052, 0.3902837516425273, 0.39125433125076275, 0.39277365415134646, 0.3932966863260093, 0.39371805433188123, 0.3965574705253624, 0.3966012169611235, 0.39688195859426045, 0.3965792447499665], "AP50": [0.22106123911102235, 0.3293114176663581, 0.3817881380575505, 0.3964008406052973, 0.4167051404875332, 0.43926565564404146, 0.4334987353419106, 0.4489537796790952, 0.465752156582794, 0.4774687429825717, 0.4634353128683199, 0.479968839907378, 0.4868641023771355, 0.4719245399024636, 0.4928019242017225, 0.4993868772739159, 0.49703062417215826, 0.4940656753241361, 0.49422781474164595, 0.49897141569272235, 0.5049826941085998, 0.4990508568190232, 0.4963844985225103, 0.501726106795813, 0.5585957619449181, 0.5631918277582935, 0.5648834785567456, 0.5675761616326571, 0.5680083479921367, 0.5698736839087615, 0.5702864144780412, 0.5721229101451266, 0.5750447374416954, 0.5754288369366217, 0.5753703763040577, 0.5751295435910393], "AP75": [0.11531224962262009, 0.2005857509594085, 0.24595951825045767, 0.2681013423127534, 0.2840283722820964, 0.295382835673375, 0.29965237876440165, 0.31332817362063825, 0.32425926752453266, 0.33413056236399924, 0.3273575087046971, 0.34184060196955973, 0.3492950022360385, 0.3368723758485508, 0.3548215126171841, 0.35537302522631997, 0.3540723552026086, 0.36001534761923726, 0.3587607497633131, 0.36119480800878845, 0.36480096270931284, 0.3581723257986379, 0.3608373464267572, 0.35948910380184507, 0.41306145190904375, 0.41947304874008556, 0.4198462888832489, 0.42228662598494965, 0.42673962770336493, 0.42633828872996044, 0.42717373746878323, 0.4278071860012763, 0.43025110543092543, 0.43054761011593434, 0.4317383517747757, 0.4306122565206974], "APs": [0.06825762236855624, 0.10007139605512975, 0.11969457967449966, 0.12911545481834727, 0.14627167572965277, 0.15559153993398617, 0.15218459320781785, 0.16114817729309508, 0.17243933388550947, 0.17402947340269292, 0.173627198396553, 0.1810630310283547, 0.18279216404408719, 0.17144590001516036, 0.18373245811279304, 0.18975870805679562, 0.18686447019195046, 0.19603436791738482, 0.1893086849932712, 0.1975421212138467, 0.19407742903786104, 0.19439040304389343, 0.18915465326970876, 0.19059944192856287, 0.21802434792243533, 0.22480072983609398, 0.2222353705481759, 0.2269267042460344, 0.2286667479611385, 0.22975108662786814, 0.230471067113182, 0.22664586464364445, 0.23091029437638355, 0.23171143612018374, 0.23064083604581756, 0.23141245988129377], "APm": [0.1511674637873523, 0.22717000360714598, 0.2593909185727661, 0.2807052464770772, 0.30203263039126027, 0.3158291998329702, 0.3092744013881542, 0.32733973941716155, 0.33093985778568297, 0.34986855325792565, 0.33645646642120425, 0.34943885692289417, 0.3564695476692835, 0.3429122999360271, 0.36573634017751544, 0.36646119474860156, 0.36584285076388673, 0.3689266525057026, 0.3653318456199304, 0.37100196357964316, 0.37007834939580087, 0.3755253781152488, 0.36663053467354306, 0.36539359197805865, 0.4189394062622013, 0.4249579879919895, 0.4246720014642899, 0.42900908339933075, 0.4280550757310017, 0.4295156236591927, 0.4295356537046804, 0.4320927386630156, 0.4336607343071403, 0.4337125628274289, 0.43355436941621905, 0.43402378530352465], "APl": [0.14710241219854617, 0.25087033924218777, 0.30363223872694944, 0.32723139234495074, 0.33932829563333117, 0.34832802127568324, 0.3600098058008535, 0.3782669337663547, 0.39024383153657705, 0.3963138364085649, 0.3891443870201325, 0.40398017690084703, 0.4167984669333673, 0.4062105156781537, 0.41952275536111905, 0.4198759133637246, 0.4185519308512742, 0.4286385700290073, 0.42606805871742087, 0.4247897065558389, 0.4326326040181283, 0.4332610200315893, 0.4293957782015475, 0.4272355318697464, 0.49287387022904366, 0.5007428067918525, 0.5030122490033432, 0.5032209182680486, 0.5056308547302001, 0.5032921920104076, 0.5083658925464879, 0.50705478157525, 0.5102755018960068, 0.5095525437866791, 0.5096585011690669, 0.508586372531797]}, "iterations2": [2500, 5000, 7500, 10000, 12500, 15000, 17500, 20000, 22500, 25000, 27500, 30000, 32500, 35000, 37500, 40000, 42500, 45000, 47500, 50000, 52500, 55000, 57500, 60000, 62500, 65000, 67500, 70000, 72500, 75000, 77500, 80000, 82500, 85000, 87500, 90000], "results2": {"AP": [0.11912388245080059, 0.18777171661375144, 0.22271137245676437, 0.24436034055228753, 0.2544309525183345, 0.2728366359631966, 0.2739048630128684, 0.2858032973261144, 0.29352027616329207, 0.3016732096075912, 0.29796008599994733, 0.31097826305866005, 0.3133313810166092, 0.30558125163051353, 0.32417976786411057, 0.32287189201245, 0.3208169982305815, 0.3209883494226535, 0.32696965615690743, 0.3284199197849472, 0.33029399164547907, 0.332615025169158, 0.32945919381637273, 0.33136809425153074, 0.378505946770908, 0.3824800415440623, 0.38292848607452734, 0.3850592320180841, 0.38527039275139746, 0.38480688414057695, 0.3863264717336521, 0.3875528000023704, 0.38978780533917184, 0.38955824162561625, 0.3895444081418501, 0.3899212995947508], "AP50": [0.2163150914584348, 0.316726251491008, 0.3679409821318106, 0.39678775122043847, 0.40945300249821337, 0.4327688222360772, 0.4304370522588384, 0.4428079789325862, 0.46037440992965156, 0.46940445910833595, 0.4591815728311879, 0.47828066376909834, 0.4795812109948048, 0.4679112067289926, 0.49151721181914454, 0.4896764494170071, 0.4867888198064412, 0.4860825976994631, 0.49149604354754817, 0.49398530235171795, 0.4992926385567397, 0.5002642643883125, 0.4965147124877268, 0.49945140629569235, 0.5554563869586155, 0.5595243327318415, 0.559453307885639, 0.5633239328955636, 0.5629877671556148, 0.5623780801486323, 0.5641209207329656, 0.5664868319216073, 0.5679850934659346, 0.5670045780080835, 0.5668757317220721, 0.5671100094007728], "AP75": [0.1176453500700137, 0.1959459098139296, 0.23520504735424777, 0.26091960874521497, 0.27198314969047965, 0.29015964748602946, 0.2913135774428873, 0.307686228044527, 0.31549446911760737, 0.32359731601032715, 0.3221757003549233, 0.3362472251811247, 0.3363813792221715, 0.3303683516363902, 0.3500736034643894, 0.3475360185858318, 0.34697689872822196, 0.34505174307533093, 0.3533322457678712, 0.35267859116228845, 0.3564816579433902, 0.3566226977579043, 0.35739104924087095, 0.3569823966505231, 0.4089121565600659, 0.41428984932410456, 0.4146919058034448, 0.4188953746877659, 0.4179416215595648, 0.41694875781840335, 0.4192457279351894, 0.4176759050574535, 0.4223464411767894, 0.42095973736883974, 0.4223448768286217, 0.42282344302149993],